slug	title	description	h1	p1	p2	p3	p4	cta1	cta2
chat-with-women	Chat With Women Online – PrivateHub	Start chatting with women online through private access pages with fast entry and minimal steps.	Chat With Women Online	PrivateHub provides streamlined access pages designed for direct online conversations.	You can reach curated live environments quickly, without unnecessary navigation or complex steps.	Session availability may vary depending on activity and partner platform access.	For a more selective route, a private members area is also available.	Start Live Access	Open Members Area
live-chat-online	Live Chat Online – PrivateHub	Access live chat online through a fast and private entry environment built for immediate connection.	Live Chat Online	PrivateHub offers a fast access environment for live online chat pages.	The structure is designed to reduce friction and move users toward active entry points quickly.	Some live rooms may be limited based on availability, traffic, or partner restrictions.	Alternative private access paths are available for users seeking a more selective route.	Enter Live Room	View Private Access
free-adult-chat	Free Adult Chat Online – PrivateHub	Browse free adult chat access pages with a simple and private routing experience.	Free Adult Chat Online	PrivateHub connects users to access pages built for adult audiences and live interaction.	The environment is lightweight, fast, and structured around direct entry rather than unnecessary browsing.	Availability can change at any time depending on active sessions and partner platform conditions.	Users who prefer a more restricted route can continue through a private access page.	Enter Free Access	Go To Members Entry
anonymous-chat	Anonymous Chat Online – PrivateHub	Discover anonymous chat access pages with fast routing and private entry options.	Anonymous Chat Online	Some users prefer a more discreet access path before entering a live platform.	PrivateHub provides simple routing pages designed for private and low-friction entry.	Depending on activity levels, certain entry points may open or close throughout the day.	A secondary access option is available for users looking for a more selective environment.	Continue To Live Access	Use Private Route
private-chat-online	Private Chat Online – PrivateHub	Find private chat online access pages with direct entry and minimal friction.	Private Chat Online	PrivateHub is built as a routing layer for fast entry into private online chat environments.	The goal is simple: clear paths, minimal distraction, and access-oriented navigation.	Live availability may vary depending on partner systems, active traffic, and time of day.	Users looking for a different route can also use the members-only style access page.	Access Now	Enter Members Area
instant-live-chat	Instant Live Chat – PrivateHub	Get instant live chat access through curated pages built for speed and clarity.	Instant Live Chat	Instant entry matters when users want a direct path instead of a cluttered website experience.	PrivateHub keeps the structure minimal and focused on active access routes.	Some pages may become unavailable temporarily due to demand or partner-side limitations.	An alternative access path remains available for users who want a more filtered entry point.	Start Instant Access	Open Private Entry
online-chat-no-signup	Online Chat No Signup – PrivateHub	Explore online chat access pages with minimal steps and a faster route to live entry.	Online Chat No Signup	Not every user wants to deal with long navigation paths before reaching a live page.	PrivateHub is designed to provide a faster route through simplified access points.	Entry availability can shift based on current activity, location, or partner-side conditions.	Users who want a different path can continue through the more selective access route.	Go To Live Access	Try Private Access
members-chat-access	Members Chat Access – PrivateHub	Access members-style chat entry pages through a private and structured routing environment.	Members Chat Access	Some entry points are built for users who prefer a more restricted and selective experience.	PrivateHub includes members-style access routes that support this type of navigation.	Access conditions may vary depending on platform availability and current traffic conditions.	If the primary route is limited, a live access alternative may still be available.	Open Members Access	Try Live Route
direct-chat-access	Direct Chat Access – PrivateHub	Use direct chat access pages for quick entry into live partner environments.	Direct Chat Access	PrivateHub offers direct access pages for users who want a fast and simple route.	The structure is intentionally minimal so the next step is always clear.	Active entry points may change over time depending on availability and routing logic.	A second access option is available for users who prefer a more private path.	Continue Now	Use Alternate Access
real-time-chat	Real Time Chat Online – PrivateHub	Reach real-time chat access pages with a fast and private entry structure.	Real Time Chat Online	Real-time interaction depends on reaching active access pages quickly and clearly.	PrivateHub helps by organizing entry routes in a lightweight and conversion-focused format.	Some routes may be limited at certain hours or under heavier traffic conditions.	Users who want a more selective path can proceed through the private access option.	Enter Real-Time Access	Open Private Route
adult-live-access	Adult Live Access – PrivateHub	Adult live access pages with direct routing, private entry options, and minimal friction.	Adult Live Access	PrivateHub provides adult-oriented access pages built for direct routing and cleaner navigation.	The objective is to reduce clutter and guide users toward active live entry points.	Access may be limited depending on current traffic, session activity, or partner-side controls.	A more selective members-style route is also available when preferred.	Start Adult Access	Go To Members Access
secure-private-access	Secure Private Access – PrivateHub	Use secure private access pages for a more discreet route into live partner platforms.	Secure Private Access	Some users prefer an access path that feels more private and controlled.	PrivateHub supports that approach with streamlined pages focused on selective entry.	Route availability may change based on timing, demand, and partner platform conditions.	For a faster public-facing route, a live access option is also available.	Enter Private Access	Use Live Entry